"Midnight drama at Sabarimala as devotees hold sudden protest, court arrest"
"Jet Airways cancels 10 flights from Mumbai, hundreds of flyers stranded"
Teen driver Sophia Floersch  fractures spine in Macau GP horror crash
"Bengal BJP chief’s car attacked again, Trinamool denies any involvement"
‘Lies’: Congress complains to EC about PM Modi  speech
"Grenade attack kills 3 at Amritsar prayer meet, cops consider terror angle"
Crucial RBI board meeting on Monday amid ongoing rift with govt
The future is vernacular: 7 brand leaders discuss going regional - LIVE from the newsroom
PM Modi to inaugurate KMP expressway today; road to cut traffic snarls
"Pakistan doesn’t do ‘a damn thing’ for US, says Donald Trump"
Maharashtra cabinet approves reservation for Maratha community
Xiaomi Redmi Note 6 Pro first impressions
"Amritsar grenade attack could be ‘terrorist act’, say Punjab police"
"Punjab not responsible for Delhi’s polluted air, says Amarinder Singh"
The Ballad of Buster Scruggs review: Coen Brothers redefine Netflix films
"Trump says CIA assessment ‘premature’, full Khashoggi report on Tuesday"
Thugs of Hindostan box office day 9: Aamir Khan film is in free fall
Xiaomi Redmi Note 6 Pro first impressions
"Jabong to lay off 200 employees, to be merged with Myntra: Report"
5 winter illnesses you need to protect yourself from
Teen driver Sophia Floersch  fractures spine in Macau GP horror crash
"Not allowed to visit Haryana village, Kejriwal says BJP govt afraid of AAP"
‘Prepare for celebrations on December 1’: Fadnavis hints at Maratha quota
"Lucknow Court permits admissions to Ayurveda, Unani colleges via NEET"
"Neha Dhupia, Angad Bedi welcome baby daughter; wishes pour in"
Shivashish Mishra on leaving Bigg Boss 12: No one evicted me by voting
The Ballad of Buster Scruggs review: Coen Brothers redefine Netflix films
What to look forward to in Koffee with Karan; Saif’s TMI to Sara’s dating
"Ranveer Singh, Deepika Padukone arrive in Mumbai. See pics, videos"
"At Aaradhya’s birthday bash, Aishwarya, Abhishek play musical chairs"
"Bigg Boss 12, Weekend Ka Vaar LIVE: Salman cancels eviction because of Shiv"
Colour happy: Browns for all seasons and occasions
Security beefed up in Amritsar after grenade blast kills three
"Xiaomi Redmi Note 6 Pro: Unboxing, first look"
The kilogram gets new definition!
"At least three killed, 20 injured in grenade blast in Amritsar"
ਅੰਮ੍ਰਿਤਸਰ ਧਮਾਕੇ ਪਿੱਛੇ ਖਾਲਿਸਤਾਨੀ ਅੱਤਵਾਦੀਆਂ ਦਾ ਹੱਥ ਹੋਣ ਦਾ ਸ਼ੱਕ- CM ਕੈਪਟਨ
ਪਿਛਲੇ ਦੋ ਸਾਲਾਂ 'ਚ ਪੰਜਾਬ ਨੇ ਝੱਲੇ ਪੰਜ ਬੰਬ ਧਮਾਕੇ
ਅੰਮ੍ਰਿਤਸਰ ਧਮਾਕਾ: ਦੋਸ਼ੀਆਂ ਵਿਰੁੱਧ ਸਖਤ ਕਾਰਵਾਈ ਕੀਤੀ ਜਾਵੇਗੀ: ਰਾਜਨਾਥ ਸਿੰਘ
"ਕਪਿਲ ਸ਼ਰਮਾ ਪੱਬਾਂ ਭਾਰ, 12 ਦਸੰਬਰ ਨੂੰ ਵਜੇਗਾ ਬੈਂਡ-ਵਾਜਾ"
"India vs Australia: You can’t stop Rohit Sharma, concedes Glenn Maxwell"
"Virat Kohli is the best batsman in the world, believes  ex-England skipper"
India vs Australia: Five new faces to keep an eye on
"Kohli has matured, quality of cricket wins matches not sledging - Shastri"
The Stan Lee legacy: A tribute to the Marvel man
Pride of Patan: The journey of Rani Ki Vav from being a buried art treasure to the reverse of the new Rs 100 note
Before he broke free: Classmates of Freddie Mercury share untold memories
Needed: Weavers for Patan’s Patola
"An Anglo-Saxon name for a city isn’t unusual, writes Karan Thapar"
"An enjoyable route to rediscover India, writes Ramachandra Guha"
The government must ensure private sector autonomy
Three security personnel injured in IED blast in Chhattisgarh’s Sukma
Congress troubleshooters meet dissidents in Telangana
A courtier has responded: PM Modi’s comeback to Chidambaram’s jab
"Pollution body gets 3k complaints on social media, app in 10 days"
‘Awareness and sensitisation needed to have a pollution free Diwali’
Delhi environment minister wants stricter implementation of GRAP
"Mohalla Assi movie review: Sunny Deol film talks more, thinks less"
Fantastic Beasts review: The worst film in the Potter series; blame Rowling
"Pihu movie review: Beware of this torturous, baby-hating movie"
US envoy hopes for peace deal with Taliban in 2019: Report
Barack Obama surprise guest at Michelle Obama’s book show
Many California wildfire survivors too busy seeking help to watch Trump
The Avengers 4 trailer could be released on November 28. Here’s why
Read Arpita Khan’s message to Aayush Sharma on 4th anniversary
How to make your smartphone’s battery last longer
Instagram security bug exposed passwords of some users
Microsoft’s Emoji8 app lets you evaluate facial expressions against emojis
Microsoft starts testing ads in Windows 10 default email app
"How Walmart decided to oust Binny Bansal, an icon of the tech industry"
How will oil’s freefall end? Here’s where you can look for clues
Wholesale inflation rises to four-month high of 5.28% on costlier fuel
How Bengal’s early modern artists reinvented art in a quest for identity
6 ways to prevent bad weather from ruining your trip
"Ranveer, Deepika wear ‘head-to-toe’ Sabyasachi on return to Mumbai"
"Women’s World Boxing Championships: Mary Kom progresses, Sarita bows out"
"Mitchell Johnson says bans against Steve Smith, David Warner should stay"
PV Sindhu to skip Syed Modi International to focus on World Tour Final
"Fusion of music, politics on display at TM Krishna’s Delhi concert"
"2-yr-old girl raped,  dumped near railway tracks in Delhi; 1 arrested"
"Delhi chief secy moved to Centre, UIDAI chief becomes new revenue secy"
26/11 attacks gave rise to Maharashtra’s newest commando unit
Maharashtra board students can now test waters with practice exam
Romanian man caught with cloned ATM cards in Mumbai
Results declared: UPPSC Main exam result declared after 2 years
"UPSC ESE 2018 final results declared on upsc.gov.in, here’s how to check"
"UPSC CDS (II) exam tomorrow, here’s what to keep in mind"
